,Training rmse,Testing rmse,Training R2,Testing R2
Mean,0.7137311715931741,0.603426006650309,0.47777869213404633,0.5002012675404034
std,0.014752259777755428,0.03952545565735295,0.01712914008821401,0.060972112589877704
