,Training rmse,Testing rmse,Training R2,Testing R2
Mean,0.3711300521727329,0.37178133137503727,0.8610303574497293,0.8499880519802278
std,0.0015552357887893592,0.005865651590035491,0.001271883633776957,0.0055511164259104415
