,Training rmse,Testing rmse,Training R2,Testing R2
Mean,0.5224825231690367,0.506197031990522,0.7268989371198503,0.7211557573204014
std,0.002149131223453958,0.008805079974496798,0.001985177097529039,0.00822373149104006
