,Training rmse,Testing rmse,Training R2,Testing R2
Mean,0.3784030472147593,0.36123585909874195,0.8566810117538952,0.8533602723895044
std,0.0016889131877884833,0.0069975767259717585,0.0013251019129239844,0.006019948150414594
