,Training rmse,Testing rmse,Training R2,Testing R2
Mean,0.38205333354708865,0.3755668795326211,0.8531964977933262,0.8438413264611105
std,0.0018205107022665353,0.007096928643119451,0.0014083145849743965,0.006154131696000028
